title,video
Devuni Sthuthinchudi Telugu Worship Song | Oct 14th - 2018,https://www.youtube.com/watch?v=oMFj1cf5k6I
Telugu Worship Live | Oct 14th - 2018,https://www.youtube.com/watch?v=RsYVvxKyo6g
TELUGU WORSHIP  Live | Oct 7th - 2018 (HARVEST FESTIVAL),https://www.youtube.com/watch?v=kYhViTc3Cpk
Bible Study  Live | Oct 4th - 2018,https://www.youtube.com/watch?v=G0gIikKyj88
Jeevandhi -  Telugu Christian  Song,https://www.youtube.com/watch?v=FOqOB6y3-Z8
Telugu Worship Live | Sept 30th - 2018,https://www.youtube.com/watch?v=y7G4dnxAvko
Revival Christian Center | Sunday Service Live | Sept 23rd - 2018,https://www.youtube.com/watch?v=UMCcLHgKiQk
"Revival Christian Center |  Bible Study Live | SEP 20th, 2018",https://www.youtube.com/watch?v=G--QRntxppw
"Revival Christian Center |  Sunday  Service  Live | SEP 16th, 2018",https://www.youtube.com/watch?v=yCxjMU8-WBo
"Nee Swaramu Vinipinchu Prabhuva  Song from Revival Christian Center  | SEP 9th, 2018",https://www.youtube.com/watch?v=bqlF2iWWIko
"Revival Christian Center |  Sunday  Service  Live | SEP 9th, 2018",https://www.youtube.com/watch?v=H5d3GTYAWmI
"Revival Christian Center |  Sunday 2nd Service  Live | Aug 26th, 2018",https://www.youtube.com/watch?v=GlATufb88ZM
"Revival Christian Center |  Sunday 2nd Service  Live | Aug 26th, 2018",https://www.youtube.com/watch?v=IuCkUuLDOXI
"Revival Christian Center |  Sunday 1st Service  Live | Aug 26th, 2018",https://www.youtube.com/watch?v=kj31YGdBXEM
"Revival Christian Center |  Sunday 2nd Service  Live | Aug 19th, 2018",https://www.youtube.com/watch?v=Kne1gUWIA-o
"Revival Christian Center |  Sunday 1st Service  Live | Aug 19th, 2018",https://www.youtube.com/watch?v=aw5lfwCKiEg
"Revival Christian Center |  Sunday 1st Service  Live | Aug 19th, 2018",https://www.youtube.com/watch?v=eirUG_jMgZw
"Revival Christian Center |  Sunday Service  Live | Aug 12th, 2018",https://www.youtube.com/watch?v=yerUStFWvk8
"Revival Christian Center |  Sunday Service  Live | Aug 5th, 2018",https://www.youtube.com/watch?v=OZgL_q1cXsE
"Revival Christian Center |  Sunday Service  Live | July 29th, 2018",https://www.youtube.com/watch?v=esV3siZ1_1Q
"Revival Christian Center |  Sunday 2nd Service  Live | July 22nd, 2018",https://www.youtube.com/watch?v=-ITOvtO2mf4
"Revival Christian Center |  Sunday 2nd Service  Live | July 22nd, 2018",https://www.youtube.com/watch?v=R-pacMK4qQY
"Revival Christian Center |  Sunday 1st Service  Live | July 22nd, 2018",https://www.youtube.com/watch?v=GEr2U_BxKlM
"Revival Christian Center |  Sunday Service  Live | July 15th, 2018",https://www.youtube.com/watch?v=Ug0uHLuWC3Y
"Revival Christian Center |  FASTING PRAYER'S DAY 2  Live | July 14th, 2018",https://www.youtube.com/watch?v=3cttkEzr70c
"Revival Christian Center |  BIBLE STUDY  Live | July 12th, 2018",https://www.youtube.com/watch?v=YE4-zGRSvoQ
"Revival Christian Center |  Sunday 2nd Service Live | July 8th, 2018",https://www.youtube.com/watch?v=DoN3D65YMik
"Revival Christian Center |  Sunday 1st Service Live | July 8th, 2018",https://www.youtube.com/watch?v=SzuttOB_76g
Revival Christian Center International  \ 2nd service \JULY 1st,https://www.youtube.com/watch?v=inhDifU4mR4
Revival Christian Center International  \ 1st service \1st july,https://www.youtube.com/watch?v=Hj7bTYHei-w
Revival Christian Center | Sunday 1st  Service | June 24th,https://www.youtube.com/watch?v=JzvkD_GB8PU
Revival Christian Center | Sunday 2nd Service | June 17th,https://www.youtube.com/watch?v=CHHqyakB2mc
Revival Christian Center | Sunday 2nd Service | June 17th,https://www.youtube.com/watch?v=wyFkOYM3YM0
Revival Christian Center | Sunday 1st Service | June 17th,https://www.youtube.com/watch?v=v7iwbqV7U40
Revival Christian Center | Bible Study  | June 14th 2018,https://www.youtube.com/watch?v=5Pw8YS-fb0o
Revival Christian Center | SUNDAY SERVICE | JUNE 3rd,https://www.youtube.com/watch?v=PiQ9YHdytUQ
Revival Christian Center | SUNDAY SERVICE | JUNE 3rd,https://www.youtube.com/watch?v=zOtvIoCRiWs
Revival Christian Center | Bible Study | May 31st,https://www.youtube.com/watch?v=NnNAQlLeGL0
Revival Christian Center /SUNDAY SERVICE LIVE / 27th May  2018,https://www.youtube.com/watch?v=hkIaXHgN1bE
Revival Christian Center /SUNDAY SERVICE LIVE / 20th May  2018,https://www.youtube.com/watch?v=czlgkyUU0mQ
Revival Christian Center /SUNDAY SERVICE LIVE / 20th May  2018,https://www.youtube.com/watch?v=NVTr7pU1cFs
Revival Christian Center  BIBLE STUDY LIVE / 17th May  2018,https://www.youtube.com/watch?v=wc8ijI17P_Q
"Revival Christian Center |  SUNDAY SERVICE  live | MAY 13th, 2018",https://www.youtube.com/watch?v=QIi9ZY7AEBA
"Revival Christian Center |  SUNDAY SERVICE  live | MAY 13th, 2018",https://www.youtube.com/watch?v=yUdchnPOhgM
"Revival Christian Center |  BIBLE Study live | MAY 10th, 2018",https://www.youtube.com/watch?v=z8Di1i1R_Q4
"Revival Christian Center |  Sunday  Service live | MAY 6th, 2018",https://www.youtube.com/watch?v=8qIBV8sdx5g
"Revival Christian Center |  Sunday  Service live | MAY 6th, 2018",https://www.youtube.com/watch?v=Cgfr82cJdBk
"Revival Christian Center |  Sunday  Service live | MAY 6th, 2018",https://www.youtube.com/watch?v=dfaePGjYeVo
"Revival Christian Center |  2nd  Service live | April 29th, 2018",https://www.youtube.com/watch?v=aDWvtLCv1Ec
"Revival Christian Center |  1st Service live | April 29th, 2018",https://www.youtube.com/watch?v=bDHZ6o9VFl8
"Revival Christian Center |  Bible Study  live | April 26th, 2018",https://www.youtube.com/watch?v=zE5Mq_OjV50
"Revival Christian Center |  Sunday 1st service live | April 22nd, 2018",https://www.youtube.com/watch?v=U7xxFvnjEYo
"Revival Christian Center |  Sunday 1st service live | April 22nd, 2018",https://www.youtube.com/watch?v=KF1UECJbk4E
"Revival Christian Center |  Sunday 1st service live | April 22nd, 2018",https://www.youtube.com/watch?v=gllVxUSWl20
"Revival Christian Center |  Bible Study | April 19th , 2018",https://www.youtube.com/watch?v=d_-uD8HxMGY
Revival Christian Center |  SUNDAY SERVICE  Live | April 15th,https://www.youtube.com/watch?v=vD2BWqIrC4g
Revival Christian Center | Bible Study Live | April 12th,https://www.youtube.com/watch?v=_YCL-OjrS5I
"Revival Christian Center  Live  | (2nd  SERVICE) 8th Apr , 2018",https://www.youtube.com/watch?v=dl4yCnwIzmI
"Revival Christian Center  Live  | (1st SERVICE) 8th Apr , 2018",https://www.youtube.com/watch?v=6WBKdt_eHJM
"Revival Christian Center  Live  | (BIBLE STUDY) 5th Apr , 2018",https://www.youtube.com/watch?v=I2dh9HBXtZs
"Revival Christian Center  Live  | (BIBLE STUDY) 5th Apr , 2018",https://www.youtube.com/watch?v=Thd4gypUphM
"Revival Christian Center  Live  | (EASTER SERVICE) 1st Apr , 2018",https://www.youtube.com/watch?v=O1EfBduwb9Q
"Revival Christian Center  Live  | (GOOD FRIDAY SERVICE) 30th Mar , 2018",https://www.youtube.com/watch?v=JF7z0CxVks4
"Revival Christian Center  Live  | (GOOD FRIDAY SERVICE) 30th Mar , 2018",https://www.youtube.com/watch?v=r5BF2rBa-O0
"Revival Christian Center  Live  | (GOOD FRIDAY SERVICE) 30th Mar , 2018",https://www.youtube.com/watch?v=TsquuWugUfU
"Revival Christian Center  Live  |  29th Mar , 2018",https://www.youtube.com/watch?v=yI8DwXFwdHY
"Revival Christian Center  Live  |  29th Mar , 2018",https://www.youtube.com/watch?v=5CwKQWQsZFc
Revival Christian Center |  Live (2nd Service) |  Mar 25,https://www.youtube.com/watch?v=84mwbStQZUI
Revival Christian Center |  Live (2nd Service) |  Mar 25,https://www.youtube.com/watch?v=_HnXItNYPlE
Revival Christian Center |  Live (1st Service) |  Mar 25,https://www.youtube.com/watch?v=HJtO2oXHeNA
Revival Christian Center |  Live (1st Service) |  Mar 25,https://www.youtube.com/watch?v=N1lxyTxcbhQ
Revival Christian Center |  Live (BIBLE STUDY) |  Mar 22,https://www.youtube.com/watch?v=Tl3jOeHzWcM
Revival Christian Center |  Live (2nd  Service) |  Mar 18,https://www.youtube.com/watch?v=r71tI9FXLY0
Revival Christian Center |  Live (1st  Service) |  Mar 18,https://www.youtube.com/watch?v=RL0bz9Rymrc
Revival Christian Center |  Live (2nd Service) |  Mar 11,https://www.youtube.com/watch?v=Ho3vdLFZ8aQ
Revival Christian Center |  Live (1st Service) |  Mar 11,https://www.youtube.com/watch?v=SfFgwxRclQw
Revival Christian Center |  Live (Bible Study) |  Mar 8,https://www.youtube.com/watch?v=-XKVL2DTkAk
Revival Christian Center |  Live (2nd  Service) |  Mar 4,https://www.youtube.com/watch?v=sRfusiGE1pY
Revival Christian Center |  Live (1st  Service) |  Mar 4,https://www.youtube.com/watch?v=lskgAj_L5NM
Revival Christian Center | Fasting Prayers | Day -3 Live(Evening Service) |  Mar 3,https://www.youtube.com/watch?v=9-fiqc57alM
Revival Christian Center | Fasting Prayers | Day -3 Live(Evening Service) |  Mar 3,https://www.youtube.com/watch?v=KtllZDBwXTg
Revival Christian Center | Fasting Prayers | Day -3 Live(Morning Service) |  Mar 3,https://www.youtube.com/watch?v=xmF3ZL6RcF4
Revival Christian Center | Fasting Prayers | Day -2 Live(Evening Service) |  Mar 2,https://www.youtube.com/watch?v=hRD_KdA2K_Q
Revival Christian Center | Fasting Prayers | Day -2 Live |  Mar 2,https://www.youtube.com/watch?v=LNFqeSxiIis
Revival Christian Center | Fasting Prayers | Day -2 Live |  Mar 2,https://www.youtube.com/watch?v=eX74bvfAP7o
Revival Christian Center | Fasting Prayers | Day -1 Live |  Mar 1,https://www.youtube.com/watch?v=UjY3rBrW_8Y
Revival Christian Center 2nd Service Live |  Feb 25,https://www.youtube.com/watch?v=LsKPgeoXWrw
Revival Christian Center 1st Service Live |  Feb 25,https://www.youtube.com/watch?v=Cir61kVKMsg
Revival Christian Center Bible Study Live |  Feb 22,https://www.youtube.com/watch?v=A4H6yPlRuN4
Revival Christian Center 2nd Service Live |  Feb 18,https://www.youtube.com/watch?v=caPycRUqnck
Revival Christian Center 1st  Service Live |  Feb 18,https://www.youtube.com/watch?v=KYNELVK-glI
Revival Christian Center English Service Live |  Feb 11,https://www.youtube.com/watch?v=H99x92rXzWg
Revival Christian Center 2nd Service Live |  Feb 11,https://www.youtube.com/watch?v=gNCXTh-DOiE
Revival Christian Center 1st Service Live |  Feb 11,https://www.youtube.com/watch?v=9t6AjMN1byQ
Revival Christian Center live | Second Service Live |  Feb 4,https://www.youtube.com/watch?v=doN-yw73q6A
Revival Christian Center live | First Service Live |  Feb 4,https://www.youtube.com/watch?v=E8hMXG6QzGU
Revival Christian Center live | First Service Live |  Feb 4,https://www.youtube.com/watch?v=1ImsQvk9orA
Revival Christian Center live | Bible Study 1 FEB,https://www.youtube.com/watch?v=D2s5twhHS6o
Revival Christian Center live | 2nd Service 28 JAN,https://www.youtube.com/watch?v=yOBOLkdxtjw
Revival Christian Center live | 1st Service 28 JAN,https://www.youtube.com/watch?v=FPL-r7mQ02Y
Revival Christian Center live | Bible Study 25 JAN,https://www.youtube.com/watch?v=-c4yGqAO7-E
Revival Christian Center live | English Service 21 Jan,https://www.youtube.com/watch?v=3inmkNNOhns
Revival Christian Center live | 2nd Service 21 Jan,https://www.youtube.com/watch?v=eccH5ybZJsE
Revival Christian Center live | 1st Service 21 Jan,https://www.youtube.com/watch?v=ZmCHI3B4WSA
Revival Christian Center live | BIBLE Study  JAN 18,https://www.youtube.com/watch?v=7H0zMabB4sY
Revival Christian Center live | 2nd  Service JAN 14,https://www.youtube.com/watch?v=xzXO1YAMjZE
Revival Christian Center live | 1st  Service JAN 14,https://www.youtube.com/watch?v=6Zf9RCxlVjc
Revival Christian Center live | 2nd  Service JAN 7,https://www.youtube.com/watch?v=oQw-nCdcVbc
Revival Christian Center live | 2nd  Service JAN 7,https://www.youtube.com/watch?v=aQBkHkpguwo
Revival Christian Center live | 1st  Service JAN 7,https://www.youtube.com/watch?v=aQkT4SPfbvg
Revival Christian Center live | New Year Service JAN 1st,https://www.youtube.com/watch?v=hxIBl_QjQ0o
Revival Christian Center live | New Year Service JAN 1st,https://www.youtube.com/watch?v=l8SrUQerLzM
Revival Christian Center live | watch night service dec 31st,https://www.youtube.com/watch?v=V1zP2oQHQbU
Revival Christian Center live | Dec 31,https://www.youtube.com/watch?v=cZktJR2p5F4
Revival Christian Center live | Dec 31,https://www.youtube.com/watch?v=soMlML-_IMI
Christmas Service live from  Revival Christian Center  - 2017,https://www.youtube.com/watch?v=g96jlZWkcgc
Revival Christian Center Live  | 24-Dec-2017,https://www.youtube.com/watch?v=JCOtQB3aKfs
Revival Christian Center Live  | 17-Dec-2017,https://www.youtube.com/watch?v=ILNtg7_oeWM
Revival Christian Center Live  | 10-Dec-2017,https://www.youtube.com/watch?v=dTnViCCBbL0
Revival Christian Center Live  | 10-Dec-2017,https://www.youtube.com/watch?v=YymYnE4oH-M
Revival Christian Center Live  | 10-Dec-2017,https://www.youtube.com/watch?v=Nj3UKTWsoBo
Revival Christian Center Live  | 10-Dec-2017,https://www.youtube.com/watch?v=BNXa7cUdG9o
Revival Christian Center Live  | 3-Dec-2017,https://www.youtube.com/watch?v=CcS6t0yWL7Y
Revival Christian Center Live  | 26-Nov-2017,https://www.youtube.com/watch?v=mQ0uRoUkHYs
Revival Christian Center Live  | 26-Nov-2017,https://www.youtube.com/watch?v=y1t-1z1Eg7A
LIVE sunday worship From Revival Christian Center (12-11-2017),https://www.youtube.com/watch?v=q_x_jHc6bSc
LIVE sunday worship From Revival Christian Center (05-11-2017),https://www.youtube.com/watch?v=pgU2FZSMb3s
LIVE sunday worship From Revival Christian Center (05-11-2017),https://www.youtube.com/watch?v=KpAxm5crbW8
LIVE sunday worship From Revival Christian Center (22-10-2017),https://www.youtube.com/watch?v=JGeQBfX97Tw
Harvest Festival Live From Revival Christian Center (15-10-2017),https://www.youtube.com/watch?v=L95QPFjnGlE
Harvest Festival Live From Revival Christian Center (15-10-2017),https://www.youtube.com/watch?v=v6fi022KQaU
LIVE Bible study from Revival Christian Center International  (12-10-2017),https://www.youtube.com/watch?v=6JAwoWe2_yo
LIVE 1st service from Revival Christian Center International  (08-10-2017),https://www.youtube.com/watch?v=gKixJp5QnEs
LIVE 1st service from Revival Christian Center International  (08-10-2017),https://www.youtube.com/watch?v=Qd_cz3WdwQA
LIVE 1st service from Revival Christian Center International  (1-10-2017),https://www.youtube.com/watch?v=aU2OcmFnrfo
We are called to be in light - RCC 2nd Service live  - Sept 24th,https://www.youtube.com/watch?v=51gE88WAvY8
Are we hiding from God - RCC 1st Service Live - Sept 24,https://www.youtube.com/watch?v=MQBOZNHBI1I
Bible Study RCC Live - Sept 21st,https://www.youtube.com/watch?v=2qfqXpRZEnI
Bring Sinners to the Saviour by Faith - RCC 2nd service - 17th Sept,https://www.youtube.com/watch?v=hTxIn5_RHmw
Christ Lives within His Church - RCC 1st service - 17th Sept,https://www.youtube.com/watch?v=f9_AE7at_IA
"Christian Character of a Worker Titus:2:7-10 - RCC , Bible Study",https://www.youtube.com/watch?v=GEq-XaH065s
LIVE  Sunday 2nd service from Revival Christian Center International  (10-09-2017),https://www.youtube.com/watch?v=uCl5BlUTFeU
"We are called to a priestly service  -  First service  ,  Sept 10 - RCC live",https://www.youtube.com/watch?v=QXDs3IyikFs
LIVE bible study  (07-09-2017) from Revival Christian center,https://www.youtube.com/watch?v=5cHWbeu0Czk
LIVE 2nd Service sunday worship (03-09-2017) from Revival Christian center,https://www.youtube.com/watch?v=leW0KVWZRvE
LIVE 1st Service sunday worship (03-09-2017) from Revival Christian center,https://www.youtube.com/watch?v=40IRR5_mXLU
LIVE sunday worship (27-8-2017) from Revival Christian center,https://www.youtube.com/watch?v=mJzhOMdJ304
LIVE bible study (24-8-2017) from Revival Christian center,https://www.youtube.com/watch?v=nfy0LS-DxBk
LIVE worship 2nd service (20-8-2017) from Revival Christian center,https://www.youtube.com/watch?v=a7SLPkoKzpo
LIVE worship 1st service (20-8-2017) from Revival Christian center,https://www.youtube.com/watch?v=byBYqgWEf00
